district_code,sector,demand
BR-PAT,agriculture,high
BR-PAT,construction,high
BR-PAT,retail,high
CG-RAI,construction,high
CG-RAI,metal,high
DL-DEL,agriculture,low
DL-DEL,beauty,high
DL-DEL,care,high
DL-DEL,construction,high
DL-DEL,facility,high
DL-DEL,it_ites,high
DL-DEL,logistics,high
DL-DEL,retail,high
JH-RAN,construction,high
JH-RAN,metal,high
MH-AHM,agriculture,high
MH-AHM,food,high
MH-AHM,it_ites,low
MH-AHM,livestock,high
MH-AMR,agriculture,high
MH-AMR,apparel,high
MH-AMR,it_ites,low
MH-AMR,livestock,high
MH-BUL,agriculture,high
MH-BUL,it_ites,low
MH-BUL,livestock,high
MH-CSN,automotive,high
MH-CSN,metal,high
MH-CSN,retail,high
MH-DHU,agriculture,high
MH-DHU,it_ites,low
MH-DHU,livestock,high
MH-JAL,agriculture,high
MH-JAL,food,high
MH-JAL,it_ites,low
MH-JAL,livestock,high
MH-KOL,apparel,high
MH-KOL,automotive,high
MH-KOL,livestock,high
MH-MUM,agriculture,low
MH-MUM,care,high
MH-MUM,construction,high
MH-MUM,facility,high
MH-MUM,it_ites,high
MH-MUM,logistics,high
MH-MUM,retail,high
MH-NAG,agriculture,low
MH-NAG,care,high
MH-NAG,construction,high
MH-NAG,facility,high
MH-NAG,it_ites,high
MH-NAG,logistics,high
MH-NAG,retail,high
MH-NAS,agriculture,high
MH-NAS,automotive,high
MH-NAS,food,high
MH-NAS,it_ites,low
MH-NAS,livestock,high
MH-PAL,construction,high
MH-PAL,it_ites,low
MH-PAL,livestock,high
MH-PUN,agriculture,low
MH-PUN,automotive,high
MH-PUN,care,high
MH-PUN,construction,high
MH-PUN,electrical,high
MH-PUN,facility,high
MH-PUN,it_ites,high
MH-PUN,logistics,high
MH-PUN,retail,high
MH-RAI,construction,high
MH-RAI,it_ites,low
MH-RAI,metal,high
MH-SAT,agriculture,high
MH-SAT,it_ites,low
MH-SAT,livestock,high
MH-SOL,agriculture,high
MH-SOL,apparel,high
MH-THA,agriculture,low
MH-THA,care,high
MH-THA,construction,high
MH-THA,facility,high
MH-THA,it_ites,high
MH-THA,logistics,high
MH-THA,metal,high
MH-THA,retail,high
MH-WAR,agriculture,high
MH-WAR,it_ites,low
MH-WAR,livestock,high
MH-YAV,agriculture,high
MH-YAV,it_ites,low
MH-YAV,livestock,high
MP-BHO,agriculture,low
MP-BHO,care,high
MP-BHO,construction,high
MP-BHO,facility,high
MP-BHO,it_ites,high
MP-BHO,logistics,high
MP-BHO,retail,high
MP-IND,agriculture,low
MP-IND,care,high
MP-IND,construction,high
MP-IND,facility,high
MP-IND,food,high
MP-IND,it_ites,high
MP-IND,logistics,high
MP-IND,retail,high
RJ-JAI,agriculture,low
RJ-JAI,care,high
RJ-JAI,construction,high
RJ-JAI,facility,high
RJ-JAI,handicraft,high
RJ-JAI,it_ites,high
RJ-JAI,logistics,high
RJ-JAI,retail,high
UP-AGR,handicraft,high
UP-AGR,retail,high
UP-GOR,agriculture,high
UP-GOR,construction,high
UP-GOR,it_ites,low
UP-GOR,livestock,high
UP-KAN,agriculture,low
UP-KAN,care,high
UP-KAN,construction,high
UP-KAN,facility,high
UP-KAN,handicraft,high
UP-KAN,it_ites,high
UP-KAN,logistics,high
UP-KAN,retail,high
UP-LKO,agriculture,low
UP-LKO,care,high
UP-LKO,construction,high
UP-LKO,facility,high
UP-LKO,it_ites,high
UP-LKO,logistics,high
UP-LKO,retail,high
UP-PRA,construction,high
UP-PRA,retail,high
UP-VAR,apparel,high
UP-VAR,food,high
UP-VAR,handicraft,high
