scheme,name_en,name_hi,name_mr,kind,benefit_en,eligibility_en
PMKVY,Pradhan Mantri Kaushal Vikas Yojana (PMKVY 4.0),प्रधानमंत्री कौशल विकास योजना,प्रधानमंत्री कौशल विकास योजना,training,Free short-term skill training with a certificate,Anyone 18 or older (course rules apply)
PMKVY-RPL,PMKVY Recognition of Prior Learning (RPL),पहले से आते हुनर का प्रमाणपत्र (RPL),आधीपासूनच्या कौशल्याचे प्रमाणपत्र (RPL),certificate,Free short assessment and a government certificate for skills you already have,Some years of experience in the trade
DDU-GKY,Deen Dayal Upadhyaya Grameen Kaushalya Yojana,दीनदयाल उपाध्याय ग्रामीण कौशल्य योजना,दीनदयाळ उपाध्याय ग्रामीण कौशल्य योजना,training,"Free placement-linked training for rural youth, often residential, with a job offer after",Rural poor youth aged 15 to 35
PM-AJAY-GIA,PM-AJAY Grant-in-Aid (skill and income generation),पीएम-अजय अनुदान,पीएम-अजय अनुदान,training,Free skill training and grants for income-generating work in PM-AJAY areas,Scheduled Caste beneficiaries: an official confirms eligibility (we never ask caste)
RSETI,Rural Self Employment Training Institutes (RSETI),ग्रामीण स्वरोज़गार प्रशिक्षण संस्थान,ग्रामीण स्वयंरोजगार प्रशिक्षण संस्था,training,"Free residential training to start your own work, run by banks, with help to get a loan",Age 18 to 45
PM-VISHWAKARMA,PM Vishwakarma,पीएम विश्वकर्मा,पीएम विश्वकर्मा,tools_and_loan,"For 18 traditional trades: short training with Rs 500 a day, a Rs 15,000 toolkit voucher and loans without security (Rs 1 lakh, then Rs 2 lakh)","Artisans in the 18 listed trades, 18 or older"
PMEGP,Prime Minister's Employment Generation Programme (PMEGP),प्रधानमंत्री रोज़गार सृजन कार्यक्रम,प्रधानमंत्री रोजगार निर्मिती कार्यक्रम,loan,Bank loan with a 15 to 35 percent subsidy to start a new small unit,18 or older; 8th pass for bigger projects
MUDRA,Pradhan Mantri Mudra Yojana,प्रधानमंत्री मुद्रा योजना,प्रधानमंत्री मुद्रा योजना,loan,"Loans without security: up to Rs 50,000 (Shishu), Rs 5 lakh (Kishore) and more (Tarun)","Small non-farm businesses, 18 or older"
PM-SVANIDHI,PM SVANidhi (street vendors),पीएम स्वनिधि,पीएम स्वनिधी,loan,"Working-capital loans for street vendors: Rs 10,000, then Rs 20,000, then Rs 50,000",Street vendors
