nco_code,title_en,title_hi,aliases
7531,"Tailor, dressmaker",दर्ज़ी,silai | darzi | tailor | kapde silna | blouse | suit | tailoring | stitching | garment
7411,Building electrician,बिजली मिस्त्री,bijli | wiring | electrician | switch board | fitting
7233,Farm and industrial machinery mechanic,मशीन और पंप मिस्त्री,pump | motor | tractor repair | machine theek
7422,Mobile phone and ICT servicer,मोबाइल मिस्त्री,mobile repair | phone theek | screen | charging
7112,"Mason, bricklayer",राजमिस्त्री,mistri | chinai | int | plaster | raj mistri | rajmistri | masonry | building work
7115,Carpenter,बढ़ई,badhai | lakdi | furniture | carpenter
7126,Plumber,प्लंबर,plumber | nal | pipe | tanki | plumbing | pipe fitting | nal thik | paani pipe
7231,Motor vehicle mechanic,गाड़ी मिस्त्री,gaadi | bike repair | mechanic | garage | bike thik | gaadi thik | motorcycle repair | scooter | two wheeler | bike mechanic | vehicle repair
8322,"Car, taxi and van driver",ड्राइवर,driver | gaadi chalana | taxi
5141,Hairdresser,नाई,nai | baal katna | salon
5142,Beautician,ब्यूटीशियन,parlour | beauty | mehndi | makeup
6121,Livestock and dairy producer,पशुपालक,bhains | gaay | doodh | dairy | bakri
9211,Crop farm labourer,खेतिहर मज़दूर,khet | kheti | mazdoori | fasal | farming | crop work | kisan
9313,Building construction labourer,निर्माण मज़दूर,construction | site | beldari
7512,"Baker, confectioner",हलवाई,halwai | mithai | bakery
5223,Shop sales assistant,दुकान सहायक,dukaan | counter | bikri | shop sales | retail helper
